{
    "data": [
        {
            "id": "600eed6d38eb4303dc1c6a1d",
            "name": "my-submission",
            "primaryParty": "MARSH",
            "dunsNumber": "26012132530",
            "owner": "659dc281-c63d-4cad-854e-45de9aca0bb5",
            "submittedTime": 1612982145.161,
            "processedTime": null,
            "processingStatus": "pending",
            "processingProgress": 50,
            "files": [
                {
                    "id": "600eef3f38eb4303dc1c6a1e",
                    "fileName": "my-file.pdf",
                    "fileType": "application/pdf"
                },
                {
                    "id": "601422de80c1212a09012170",
                    "fileName": "my-file.pdf",
                    "fileType": "application/pdf"
                }
            ],
            "clearanceStatus": "Cleared",
            "submissionIdocUrl": "https://get-my-report/axa234124141",
            "report": {
                "id": "my-report-123",
                "primary": "my-report-company-123",
                "companies": [
                    {
                        "id": "my-report-company-123",
                        "companyName": "coca cola",
                        "dunsNumber": "234124141",
                        "xlNameId": "xl234124141",
                        "axaId": "axa234124141",
                        "address": {
                            "addressCountry": {
                                "name": "string",
                                "isoAlpha2Code": "string"
                            },
                            "postalCodeExtension": "string",
                            "streetAddress": "string",
                            "postalCode": "string"
                        },
                        "reportLink": "https://get-my-report/axa234124141"
                    }
                ]
            }
        },
        {
            "id": "601ecf60e1feed0dc18973b1",
            "name": "test-sh",
            "owner": "659dc281-c63d-4cad-854e-45de9aca0bb8",
            "submittedTime": 1612631904.014,
            "processedTime": null,
            "processingStatus": "pending",
            "processingProgress": 0,
            "files": []
        },
        {
            "id": "60225edf13712c487f114634",
            "name": "test-submission-sh2",
            "owner": "659dc281-c63d-4cad-854e-45de9aca0bb5",
            "submittedTime": 1612865247.21,
            "processedTime": null,
            "processingStatus": "pending",
            "processingProgress": 100,
            "files": []
        },
        {
            "id": "6022621b13712c487f114635",
            "name": "test-submission-sh3",
            "owner": "659dc281-c63d-4cad-854e-45de9aca0bb5",
            "submittedTime": 1612866075.41,
            "processedTime": null,
            "processingStatus": "creating",
            "processingProgress": 0,
            "files": [
                {
                    "id": "test-sh3",
                    "fileName": "my-file-sh1.gif",
                    "fileType": "image/gif"
                },
                {
                    "id": "602265da13712c487f114636",
                    "fileName": "my-file-sh2.gif",
                    "fileType": "image/gif"
                },
                {
                    "id": "6022669613712c487f114637",
                    "fileName": "my-file-sh2.gif",
                    "fileType": "gif"
                },
                {
                    "id": "602268e013712c487f114638",
                    "fileName": "my-file-sh4.gif",
                    "fileType": "image/gif"
                },
                {
                    "id": "602268f813712c487f114639",
                    "fileName": "my-file-sh4.gif",
                    "fileType": "image/gif"
                }
            ]
        }
    ]
}